,GEOID,display_name,bvap,cvap,bvap_pct,black_pop,total_pop,black_pct,is_in_cbc
0,50000US0101,"Congressional District 1 (115th Congress), Alabama",139660,526450,0.265286351980245,193805,699595,0.2770245642121513,False
1,50000US0102,"Congressional District 2 (115th Congress), Alabama",153890,514995,0.2988184351304381,209880,683015,0.30728461307584753,False
2,50000US0103,"Congressional District 3 (115th Congress), Alabama",133730,532720,0.2510324373028983,177130,700550,0.2528441938476911,False
3,50000US0104,"Congressional District 4 (115th Congress), Alabama",35350,510100,0.06930013722799451,47040,683605,0.06881166755655678,False
4,50000US0105,"Congressional District 5 (115th Congress), Alabama",90580,530085,0.17087825537413812,121015,704795,0.17170240992061522,False
5,50000US0106,"Congressional District 6 (115th Congress), Alabama",73710,511790,0.14402391605932122,102025,694370,0.14693175108371614,False
6,50000US0107,"Congressional District 7 (115th Congress), Alabama",318590,513355,0.6206036758188778,427850,675230,0.6336359462701598,True
7,50000US0200,"Congressional District (at Large) (115th Congress), Alaska",16520,527810,0.03129914173660976,23235,736855,0.03153266246412116,False
8,50000US0401,"Congressional District 1 (115th Congress), Arizona",11750,530215,0.02216082155352074,15955,735985,0.021678430946282874,False
9,50000US0402,"Congressional District 2 (115th Congress), Arizona",19495,535575,0.03640013070064883,27730,720795,0.03847141004030272,False
10,50000US0403,"Congressional District 3 (115th Congress), Arizona",22385,448730,0.049885231653778436,31970,739670,0.043221977368285855,False
11,50000US0404,"Congressional District 4 (115th Congress), Arizona",9330,555930,0.016782688467972585,12750,738650,0.017261219792865358,False
12,50000US0405,"Congressional District 5 (115th Congress), Arizona",15165,528135,0.028714249197648332,21665,765405,0.02830527629163645,False
13,50000US0406,"Congressional District 6 (115th Congress), Arizona",13815,545870,0.0253082235697144,19175,752460,0.02548308215719108,False
14,50000US0407,"Congressional District 7 (115th Congress), Arizona",46965,388040,0.12103133697556953,71220,767495,0.09279539280386193,False
15,50000US0408,"Congressional District 8 (115th Congress), Arizona",23150,551615,0.04196767673105336,32135,753310,0.04265840092392242,False
16,50000US0409,"Congressional District 9 (115th Congress), Arizona",28025,529465,0.0529307886262548,39140,754810,0.051854108981068084,False
17,50000US0501,"Congressional District 1 (115th Congress), Arkansas",92245,547025,0.16863031854120014,130145,724990,0.1795128208664947,False
18,50000US0502,"Congressional District 2 (115th Congress), Arkansas",118405,559250,0.21172105498435406,166645,754820,0.22077448928221294,False
19,50000US0503,"Congressional District 3 (115th Congress), Arkansas",15280,532875,0.02867464227070138,21770,772675,0.0281748471220112,False
20,50000US0504,"Congressional District 4 (115th Congress), Arkansas",102430,536190,0.19103302933661576,140315,715985,0.19597477600787727,False
21,50000US0601,"Congressional District 1 (115th Congress), California",8210,542180,0.015142572577372828,9850,703985,0.013991775392941613,False
22,50000US0602,"Congressional District 2 (115th Congress), California",8120,520500,0.015600384245917387,10090,713615,0.014139276780897263,False
23,50000US0603,"Congressional District 3 (115th Congress), California",33005,482835,0.06835668499590958,41990,722895,0.05808589075868556,False
24,50000US0604,"Congressional District 4 (115th Congress), California",7090,539630,0.013138632025647202,8880,718700,0.012355642131626548,False
25,50000US0605,"Congressional District 5 (115th Congress), California",33250,502210,0.06620736345353538,44175,724965,0.06093397612298525,False
26,50000US0606,"Congressional District 6 (115th Congress), California",65145,479665,0.13581353653070372,88705,734450,0.12077745251548777,False
27,50000US0607,"Congressional District 7 (115th Congress), California",39005,512085,0.0761689953816261,53655,732955,0.07320367553260433,False
28,50000US0608,"Congressional District 8 (115th Congress), California",37850,472380,0.08012616960921293,55665,716170,0.07772595892036807,False
29,50000US0609,"Congressional District 9 (115th Congress), California",44075,454070,0.09706653159204527,62820,739025,0.08500389026081663,False
30,50000US0610,"Congressional District 10 (115th Congress), California",16030,455035,0.03522805938004769,21745,729020,0.02982771391731365,False
31,50000US0611,"Congressional District 11 (115th Congress), California",46050,484800,0.09498762376237624,60940,739385,0.08241984892850139,False
32,50000US0612,"Congressional District 12 (115th Congress), California",31235,550100,0.05678058534811852,39175,740335,0.05291523431959856,False
33,50000US0613,"Congressional District 13 (115th Congress), California",99960,504590,0.1981014288828554,128810,740685,0.17390658647063192,True
34,50000US0614,"Congressional District 14 (115th Congress), California",17660,485145,0.0364014882148636,21915,741330,0.029561733640888675,False
35,50000US0615,"Congressional District 15 (115th Congress), California",32575,467980,0.06960767554168981,44260,751440,0.058900244863196,False
36,50000US0616,"Congressional District 16 (115th Congress), California",29645,389255,0.07615830239817087,40650,721110,0.056371427382784875,False
37,50000US0617,"Congressional District 17 (115th Congress), California",13505,429325,0.031456355907529265,18475,748800,0.024672809829059828,False
38,50000US0618,"Congressional District 18 (115th Congress), California",9515,474180,0.020066219579062804,13410,730780,0.018350255890965814,False
39,50000US0619,"Congressional District 19 (115th Congress), California",15730,459045,0.034266793015935264,21245,748955,0.028366190225046894,False
40,50000US0620,"Congressional District 20 (115th Congress), California",11140,424375,0.026250368188512518,13330,729525,0.01827216339398924,False
41,50000US0621,"Congressional District 21 (115th Congress), California",21390,342085,0.06252831898504757,27800,711465,0.039074304428186914,False
42,50000US0622,"Congressional District 22 (115th Congress), California",14680,458360,0.03202722750676324,20925,739450,0.028298059368449525,False
43,50000US0623,"Congressional District 23 (115th Congress), California",31440,478295,0.06573349083724479,44855,730050,0.06144099719197315,False
44,50000US0624,"Congressional District 24 (115th Congress), California",10755,498910,0.021556994247459462,12980,727935,0.017831262406670927,False
45,50000US0625,"Congressional District 25 (115th Congress), California",37985,466130,0.08149014223499881,54325,719970,0.07545453282775673,False
46,50000US0626,"Congressional District 26 (115th Congress), California",9535,455215,0.020946146326461124,12240,720335,0.016992093956284232,False
47,50000US0627,"Congressional District 27 (115th Congress), California",26030,481155,0.05409899096964595,31885,717210,0.04445699307036991,False
48,50000US0628,"Congressional District 28 (115th Congress), California",16045,493205,0.032532111393842315,19000,716990,0.026499672240895968,False
49,50000US0629,"Congressional District 29 (115th Congress), California",20670,379540,0.05446066290773041,25970,717765,0.036181758653598316,False
50,50000US0630,"Congressional District 30 (115th Congress), California",26130,506390,0.051600545034459606,34555,750370,0.04605061502991857,False
51,50000US0631,"Congressional District 31 (115th Congress), California",54605,456310,0.11966645482237953,74420,733580,0.10144769486627224,False
52,50000US0632,"Congressional District 32 (115th Congress), California",15255,441890,0.03452216614994682,19095,719110,0.026553656603301303,False
53,50000US0633,"Congressional District 33 (115th Congress), California",15055,523965,0.028732835208458582,20050,713625,0.02809598878963041,False
54,50000US0634,"Congressional District 34 (115th Congress), California",25535,360785,0.07077622406696507,30155,720385,0.04185956120685467,False
55,50000US0635,"Congressional District 35 (115th Congress), California",36065,410065,0.08794947142526185,48190,730260,0.0659901952729165,False
56,50000US0636,"Congressional District 36 (115th Congress), California",21355,466145,0.04581192547383325,29625,736045,0.040248897825540565,False
57,50000US0637,"Congressional District 37 (115th Congress), California",134150,455340,0.2946150129573505,169025,722140,0.2340612623590993,True
58,50000US0638,"Congressional District 38 (115th Congress), California",20520,461625,0.044451665312753866,27095,717230,0.037777282043417036,False
59,50000US0639,"Congressional District 39 (115th Congress), California",11765,475345,0.02475044441405716,15095,722855,0.020882472971757826,False
60,50000US0640,"Congressional District 40 (115th Congress), California",24660,313880,0.07856505670957054,33280,709435,0.046910569678687966,False
61,50000US0641,"Congressional District 41 (115th Congress), California",49340,439095,0.1123674831186873,67055,739305,0.09070004937069276,False
62,50000US0642,"Congressional District 42 (115th Congress), California",29130,490860,0.05934482337122601,38965,761340,0.05117949930385898,False
63,50000US0643,"Congressional District 43 (115th Congress), California",122695,427460,0.2870327048144856,163225,719530,0.2268494711825775,True
64,50000US0644,"Congressional District 44 (115th Congress), California",85105,378020,0.2251335908153008,112515,721110,0.1560302866414278,False
65,50000US0645,"Congressional District 45 (115th Congress), California",9390,505170,0.018587802126016986,13360,749685,0.01782081807692564,False
66,50000US0646,"Congressional District 46 (115th Congress), California",8050,358965,0.02242558466702882,10725,726305,0.014766523705605772,False
67,50000US0647,"Congressional District 47 (115th Congress), California",38685,464280,0.0833225639700181,51300,716960,0.07155210890426245,False
68,50000US0648,"Congressional District 48 (115th Congress), California",6540,516420,0.01266411060764494,8165,723985,0.01127785796667058,False
69,50000US0649,"Congressional District 49 (115th Congress), California",14030,504795,0.027793460711774087,18625,729770,0.02552173972621511,False
70,50000US0650,"Congressional District 50 (115th Congress), California",14045,483140,0.029070248789170836,18940,736000,0.025733695652173916,False
71,50000US0651,"Congressional District 51 (115th Congress), California",34640,406185,0.08528133732166378,45950,730710,0.06288404428569473,False
72,50000US0652,"Congressional District 52 (115th Congress), California",16820,528915,0.031800951003469365,21335,742155,0.028747364095101424,False
73,50000US0653,"Congressional District 53 (115th Congress), California",43765,525270,0.08331905496220991,59135,753025,0.0785299292852163,False
74,50000US0801,"Congressional District 1 (115th Congress), Colorado",45560,555290,0.08204721857047667,65175,786255,0.08289295457580556,False
75,50000US0802,"Congressional District 2 (115th Congress), Colorado",4760,589025,0.008081151054709053,6325,771980,0.008193217440866344,False
76,50000US0803,"Congressional District 3 (115th Congress), Colorado",4430,537705,0.00823871825629295,5925,727400,0.008145449546329392,False
77,50000US0804,"Congressional District 4 (115th Congress), Colorado",6825,532295,0.012821837514911843,9970,764155,0.013047091231490992,False
78,50000US0805,"Congressional District 5 (115th Congress), Colorado",30065,556315,0.054043123050789565,41350,761750,0.05428290121430916,False
79,50000US0806,"Congressional District 6 (115th Congress), Colorado",43965,515295,0.08532005938345996,69935,779950,0.08966600423104046,False
80,50000US0807,"Congressional District 7 (115th Congress), Colorado",7470,538515,0.013871479903066766,10885,767810,0.014176684335968534,False
81,50000US0901,"Congressional District 1 (115th Congress), Connecticut",66055,516180,0.1279689255686001,103185,715145,0.1442854246341651,False
82,50000US0902,"Congressional District 2 (115th Congress), Connecticut",19010,547310,0.03473351482706327,25470,709760,0.035885369702434625,False
83,50000US0903,"Congressional District 3 (115th Congress), Connecticut",65105,530185,0.12279675962164152,93580,715345,0.1308179969105816,False
84,50000US0904,"Congressional District 4 (115th Congress), Connecticut",54600,476095,0.11468299394028506,86660,733755,0.11810481700295054,False
85,50000US0905,"Congressional District 5 (115th Congress), Connecticut",29975,513110,0.058418272884956435,42465,714565,0.05942776374437595,False
86,50000US1000,"Congressional District (at Large) (115th Congress), Delaware",142015,689655,0.2059218014804504,198445,934695,0.212309897881127,False
88,50000US1201,"Congressional District 1 (115th Congress), Florida",72645,566265,0.12828799237106306,97385,741950,0.13125547543635016,False
89,50000US1202,"Congressional District 2 (115th Congress), Florida",70190,549900,0.127641389343517,90665,709130,0.12785384908267874,False
90,50000US1203,"Congressional District 3 (115th Congress), Florida",81295,542395,0.1498815438932881,113290,713475,0.1587862223623813,False
91,50000US1204,"Congressional District 4 (115th Congress), Florida",49650,562015,0.08834283782461322,66880,747075,0.08952247097011679,False
92,50000US1205,"Congressional District 5 (115th Congress), Florida",239950,529155,0.4534588164148501,335655,718315,0.4672810674982424,True
93,50000US1206,"Congressional District 6 (115th Congress), Florida",53470,575030,0.09298645288071927,73645,728595,0.10107810237511924,False
94,50000US1207,"Congressional District 7 (115th Congress), Florida",52920,552445,0.09579234131904532,73685,737985,0.099846202836101,False
95,50000US1208,"Congressional District 8 (115th Congress), Florida",48095,562860,0.08544753579931066,69845,720695,0.0969133960968232,False
96,50000US1209,"Congressional District 9 (115th Congress), Florida",60170,530730,0.11337214779643133,94895,780260,0.12161971650475482,False
97,50000US1210,"Congressional District 10 (115th Congress), Florida",127380,498575,0.2554881412024269,209425,762105,0.27479809212641304,True
98,50000US1211,"Congressional District 11 (115th Congress), Florida",37125,596990,0.062186971306052025,50415,727835,0.06926707289426863,False
99,50000US1212,"Congressional District 12 (115th Congress), Florida",22005,562145,0.03914470465805086,31780,729430,0.04356826563206888,False
100,50000US1213,"Congressional District 13 (115th Congress), Florida",62190,555010,0.11205203509846667,87275,711120,0.12272893463831702,False
101,50000US1214,"Congressional District 14 (115th Congress), Florida",87335,512900,0.17027685708715148,128725,739945,0.17396563258079992,False
102,50000US1215,"Congressional District 15 (115th Congress), Florida",70130,532485,0.1317032404668676,102785,745465,0.13788038338486716,False
103,50000US1216,"Congressional District 16 (115th Congress), Florida",42760,560555,0.07628154239994292,63545,760540,0.08355247587240645,False
104,50000US1217,"Congressional District 17 (115th Congress), Florida",38145,564130,0.06761739315406022,54770,729130,0.0751169201651283,False
105,50000US1218,"Congressional District 18 (115th Congress), Florida",58415,547435,0.10670673230611853,90570,730785,0.12393522034524518,False
106,50000US1219,"Congressional District 19 (115th Congress), Florida",31765,560780,0.0566443168443953,57220,757390,0.07554892459631103,False
107,50000US1220,"Congressional District 20 (115th Congress), Florida",235265,459945,0.5115068105969192,395580,752660,0.5255759572715436,True
108,50000US1221,"Congressional District 21 (115th Congress), Florida",59485,512725,0.1160173582329709,112355,738760,0.15208592777085927,False
109,50000US1222,"Congressional District 22 (115th Congress), Florida",59490,512670,0.11603955761015858,107795,733500,0.14695978186775732,False
110,50000US1223,"Congressional District 23 (115th Congress), Florida",62055,494965,0.12537250108593534,97810,741075,0.13198394224606147,False
111,50000US1224,"Congressional District 24 (115th Congress), Florida",223910,443490,0.5048817335227401,353380,734085,0.4813883950768644,True
112,50000US1225,"Congressional District 25 (115th Congress), Florida",16145,414085,0.038989579434174144,27820,744165,0.03738418227140487,False
113,50000US1226,"Congressional District 26 (115th Congress), Florida",53765,457955,0.11740236486117632,84515,761160,0.11103447369803984,False
114,50000US1227,"Congressional District 27 (115th Congress), Florida",21995,438255,0.05018767612463064,30015,737825,0.040680378138447465,False
115,50000US1301,"Congressional District 1 (115th Congress), Georgia",153425,527655,0.29076764173560377,212110,723375,0.29322274062554,False
116,50000US1302,"Congressional District 2 (115th Congress), Georgia",255430,504255,0.5065492657484805,352525,685990,0.5138923307919939,True
117,50000US1303,"Congressional District 3 (115th Congress), Georgia",121050,518970,0.2332504769061796,168575,714265,0.236011844343486,False
118,50000US1304,"Congressional District 4 (115th Congress), Georgia",294465,485240,0.6068440359409777,429660,730840,0.5878988561107766,True
119,50000US1305,"Congressional District 5 (115th Congress), Georgia",322110,543810,0.5923208473547746,428530,736160,0.5821153010215171,True
120,50000US1306,"Congressional District 6 (115th Congress), Georgia",66980,469400,0.14269279931827866,97975,731335,0.13396733371163694,False
121,50000US1307,"Congressional District 7 (115th Congress), Georgia",92145,452545,0.2036151100995481,145055,761510,0.19048338170214446,False
122,50000US1308,"Congressional District 8 (115th Congress), Georgia",154530,514725,0.3002185633105056,211650,703465,0.3008678470144215,False
123,50000US1309,"Congressional District 9 (115th Congress), Georgia",35880,510760,0.0702482574986295,49260,716775,0.06872449513445641,False
124,50000US1310,"Congressional District 10 (115th Congress), Georgia",130760,529455,0.2469709418175293,181845,720980,0.25221920164220923,False
125,50000US1311,"Congressional District 11 (115th Congress), Georgia",80705,504200,0.1600654502181674,116910,735545,0.15894336852266006,False
126,50000US1312,"Congressional District 12 (115th Congress), Georgia",179465,522900,0.3432109389940715,246580,709370,0.3476042121882797,False
127,50000US1313,"Congressional District 13 (115th Congress), Georgia",283355,487680,0.5810264927821522,416630,729460,0.571148520823623,True
128,50000US1314,"Congressional District 14 (115th Congress), Georgia",42680,492210,0.08671095670547124,60510,700245,0.0864126127284022,False
129,50000US1501,"Congressional District 1 (115th Congress), Hawaii",11005,501890,0.021927115503397158,13770,707395,0.019465786441804085,False
130,50000US1502,"Congressional District 2 (115th Congress), Hawaii",7850,504835,0.015549635029266987,10245,706275,0.014505681214824253,False
131,50000US1601,"Congressional District 1 (115th Congress), Idaho",1960,599525,0.003269254826737834,3410,833725,0.004090077663498156,False
132,50000US1602,"Congressional District 2 (115th Congress), Idaho",3395,549370,0.006179805959553671,6445,801755,0.00803861528771258,False
133,50000US1701,"Congressional District 1 (115th Congress), Illinois",276850,521970,0.5303944671149683,363885,710090,0.5124491261671056,True
134,50000US1702,"Congressional District 2 (115th Congress), Illinois",287930,508975,0.5657055847536716,394105,704140,0.5596969352685546,True
135,50000US1703,"Congressional District 3 (115th Congress), Illinois",25810,474230,0.054425068004976485,34085,722175,0.04719770138816769,False
136,50000US1704,"Congressional District 4 (115th Congress), Illinois",19705,364960,0.05399221832529592,27575,702320,0.03926272924023237,False
137,50000US1705,"Congressional District 5 (115th Congress), Illinois",15410,530135,0.029068067567695026,19205,732035,0.02623508438804156,False
138,50000US1706,"Congressional District 6 (115th Congress), Illinois",12105,511440,0.023668465509150638,18010,724600,0.02485509246480817,False
139,50000US1707,"Congressional District 7 (115th Congress), Illinois",266930,518535,0.5147772088672896,358235,728895,0.4914768245083311,True
140,50000US1708,"Congressional District 8 (115th Congress), Illinois",21650,442875,0.048885125599774204,32620,716965,0.045497339479611966,False
141,50000US1709,"Congressional District 9 (115th Congress), Illinois",43040,500830,0.08593734400894515,63970,718765,0.08899988174159844,False
142,50000US1710,"Congressional District 10 (115th Congress), Illinois",32970,456465,0.0722289770300023,46950,713715,0.06578256026565225,False
143,50000US1711,"Congressional District 11 (115th Congress), Illinois",54875,460610,0.11913549423590455,78715,722750,0.10891041162227603,False
144,50000US1712,"Congressional District 12 (115th Congress), Illinois",85060,537815,0.15815847456839247,117515,703345,0.16708016691666253,False
145,50000US1713,"Congressional District 13 (115th Congress), Illinois",54875,543100,0.10104032406554962,79375,709735,0.11183751681965803,False
146,50000US1714,"Congressional District 14 (115th Congress), Illinois",15775,505470,0.03120857815498447,22770,725480,0.031386116777857416,False
147,50000US1715,"Congressional District 15 (115th Congress), Illinois",22555,539210,0.04182971384061868,29810,703110,0.04239734892122144,False
148,50000US1716,"Congressional District 16 (115th Congress), Illinois",18615,524970,0.03545916909537688,26145,700935,0.03730017761989343,False
149,50000US1717,"Congressional District 17 (115th Congress), Illinois",52705,520405,0.10127689011443013,78720,698800,0.11265025758443045,False
150,50000US1718,"Congressional District 18 (115th Congress), Illinois",19625,541480,0.036243259215483485,26190,713835,0.036689150854188994,False
151,50000US1801,"Congressional District 1 (115th Congress), Indiana",97175,528740,0.1837859817679767,135865,717040,0.1894803637175053,False
152,50000US1802,"Congressional District 2 (115th Congress), Indiana",32080,516955,0.062055691501194485,48745,721460,0.06756438333379536,False
153,50000US1803,"Congressional District 3 (115th Congress), Indiana",29520,526585,0.0560593256549275,43475,733725,0.05925244471702613,False
154,50000US1804,"Congressional District 4 (115th Congress), Indiana",18635,543065,0.034314492740279715,27305,741150,0.03684139512919112,False
155,50000US1805,"Congressional District 5 (115th Congress), Indiana",44000,545740,0.08062447319236267,60165,749285,0.08029654937707281,False
156,50000US1806,"Congressional District 6 (115th Congress), Indiana",12780,545480,0.023428906651022957,17905,719080,0.024899872058741727,False
157,50000US1807,"Congressional District 7 (115th Congress), Indiana",149455,508400,0.29397128245476,220315,747290,0.2948186112486451,True
158,50000US1808,"Congressional District 8 (115th Congress), Indiana",21630,551310,0.039233824889807915,28920,721950,0.04005817577394556,False
159,50000US1809,"Congressional District 9 (115th Congress), Indiana",14315,558280,0.02564125528408684,20115,738600,0.027233956133225018,False
160,50000US1901,"Congressional District 1 (115th Congress), Iowa",16450,578335,0.028443722064201545,27000,769895,0.035069717299112214,False
161,50000US1902,"Congressional District 2 (115th Congress), Iowa",18110,577685,0.031349264737703074,30980,775700,0.03993812040737398,False
162,50000US1903,"Congressional District 3 (115th Congress), Iowa",19065,574135,0.03320647582885558,32060,801130,0.04001847390560833,False
163,50000US1904,"Congressional District 4 (115th Congress), Iowa",6915,564890,0.012241321319194887,11175,759860,0.0147066564893533,False
164,50000US2001,"Congressional District 1 (115th Congress), Kansas",14960,506790,0.029519130211724774,20785,716380,0.02901393115385689,False
165,50000US2002,"Congressional District 2 (115th Congress), Kansas",23360,535285,0.04364030376341575,30920,714490,0.043275623171772866,False
166,50000US2003,"Congressional District 3 (115th Congress), Kansas",43460,510660,0.08510554968080522,63260,746160,0.08478074407633751,False
167,50000US2004,"Congressional District 4 (115th Congress), Kansas",32915,509040,0.06466093037875216,48785,721260,0.06763857693480853,False
168,50000US2101,"Congressional District 1 (115th Congress), Kentucky",37835,550435,0.06873654473280222,50145,723570,0.06930220987603135,False
169,50000US2102,"Congressional District 2 (115th Congress), Kentucky",29865,556310,0.05368409699627905,40085,743450,0.05391754657340776,False
170,50000US2103,"Congressional District 3 (115th Congress), Kentucky",109565,546500,0.20048490393412627,157325,739210,0.212828560219694,False
171,50000US2104,"Congressional District 4 (115th Congress), Kentucky",18315,550835,0.03324952118147903,24545,743505,0.03301255539639949,False
172,50000US2105,"Congressional District 5 (115th Congress), Kentucky",8225,550190,0.014949381122884822,10175,711115,0.01430851550030586,False
173,50000US2106,"Congressional District 6 (115th Congress), Kentucky",47470,559535,0.08483830323393532,65185,751140,0.0867814255664723,False
174,50000US2201,"Congressional District 1 (115th Congress), Louisiana",73675,583600,0.12624228923920494,104945,792295,0.1324569762525322,False
175,50000US2202,"Congressional District 2 (115th Congress), Louisiana",353980,575390,0.6152001251325188,481530,779920,0.6174094778951688,True
176,50000US2203,"Congressional District 3 (115th Congress), Louisiana",133855,567630,0.23581382238429965,189210,775985,0.24383203283568625,False
177,50000US2204,"Congressional District 4 (115th Congress), Louisiana",186470,563455,0.330940359034883,257730,759845,0.33918759747053673,False
178,50000US2205,"Congressional District 5 (115th Congress), Louisiana",191695,563195,0.34037056436935703,266685,752485,0.3544057356625049,False
179,50000US2206,"Congressional District 6 (115th Congress), Louisiana",130945,578770,0.22624704113896715,187290,785140,0.238543444481239,False
180,50000US2301,"Congressional District 1 (115th Congress), Maine",4635,531155,0.00872626634409918,10790,673135,0.01602947402824099,False
181,50000US2302,"Congressional District 2 (115th Congress), Maine",2310,520715,0.004436207906436342,4755,656785,0.007239812115075709,False
182,50000US2401,"Congressional District 1 (115th Congress), Maryland",62200,555065,0.11205894805112916,85665,728395,0.11760789132270265,False
183,50000US2402,"Congressional District 2 (115th Congress), Maryland",171180,536925,0.3188154770219304,250895,751655,0.33379010317233304,False
184,50000US2403,"Congressional District 3 (115th Congress), Maryland",109660,540440,0.2029087410258308,159485,747025,0.21349352431310867,False
185,50000US2404,"Congressional District 4 (115th Congress), Maryland",283325,487745,0.580887553947247,388790,741905,0.5240428356730309,True
186,50000US2405,"Congressional District 5 (115th Congress), Maryland",208995,543350,0.3846415754117972,283105,753865,0.37553806052807853,False
187,50000US2406,"Congressional District 6 (115th Congress), Maryland",63065,510380,0.12356479485873273,99215,755155,0.1313836232296681,False
188,50000US2407,"Congressional District 7 (115th Congress), Maryland",291675,535180,0.5450035502074069,389745,727420,0.5357908773473372,True
189,50000US2408,"Congressional District 8 (115th Congress), Maryland",55160,503180,0.10962279899837037,89190,754485,0.11821308574723155,False
190,50000US2501,"Congressional District 1 (115th Congress), Massachusetts",27965,555730,0.05032119914346895,41645,730825,0.05698354599254268,False
191,50000US2502,"Congressional District 2 (115th Congress), Massachusetts",18070,548665,0.03293448643525649,34395,740590,0.04644270108967175,False
192,50000US2503,"Congressional District 3 (115th Congress), Massachusetts",12200,525775,0.02320384194760116,21510,754800,0.028497615262321144,False
193,50000US2504,"Congressional District 4 (115th Congress), Massachusetts",13475,543315,0.024801450355686847,20845,747490,0.027886660691112924,False
194,50000US2505,"Congressional District 5 (115th Congress), Massachusetts",19375,520345,0.03723491145297831,34850,753460,0.04625328484591087,False
195,50000US2506,"Congressional District 6 (115th Congress), Massachusetts",12695,556965,0.02279317371827673,22770,755440,0.030141374563168486,False
196,50000US2507,"Congressional District 7 (115th Congress), Massachusetts",117760,512685,0.22969269629499595,186185,768050,0.2424126033461363,False
197,50000US2508,"Congressional District 8 (115th Congress), Massachusetts",42440,557940,0.07606552675914972,74155,756875,0.09797522708505367,False
198,50000US2509,"Congressional District 9 (115th Congress), Massachusetts",12930,565905,0.02284835793993692,20530,734615,0.02794661149037251,False
199,50000US2601,"Congressional District 1 (115th Congress), Michigan",9920,562555,0.017633831358711594,11020,702600,0.015684600056931397,False
200,50000US2602,"Congressional District 2 (115th Congress), Michigan",30600,529020,0.057842803674719286,44085,724020,0.060889201955747076,False
201,50000US2603,"Congressional District 3 (115th Congress), Michigan",41725,526275,0.07928364448244739,60345,725580,0.08316794839990077,False
202,50000US2604,"Congressional District 4 (115th Congress), Michigan",10335,547355,0.01888171296507751,12385,701885,0.017645340760950867,False
203,50000US2605,"Congressional District 5 (115th Congress), Michigan",85465,525345,0.16268356984457832,118195,687000,0.17204512372634642,False
204,50000US2606,"Congressional District 6 (115th Congress), Michigan",40005,532495,0.07512746598559611,58400,712805,0.0819298405594798,False
205,50000US2607,"Congressional District 7 (115th Congress), Michigan",22235,538605,0.04128257257173625,29530,704160,0.041936491706430365,False
206,50000US2608,"Congressional District 8 (115th Congress), Michigan",27800,536105,0.05185551337890898,38515,723430,0.05323942883209156,False
207,50000US2609,"Congressional District 9 (115th Congress), Michigan",61905,540635,0.1145042403839929,88830,715955,0.12407204363402727,False
208,50000US2610,"Congressional District 10 (115th Congress), Michigan",15470,538470,0.028729548535665863,19890,711810,0.027942849917815142,False
209,50000US2611,"Congressional District 11 (115th Congress), Michigan",27910,518725,0.05380500265073016,37165,717275,0.05181415774981701,False
210,50000US2612,"Congressional District 12 (115th Congress), Michigan",53545,518100,0.10334877436788263,74870,705980,0.1060511629224624,False
211,50000US2613,"Congressional District 13 (115th Congress), Michigan",278425,491645,0.5663130917633659,379930,684835,0.5547759679338818,True
212,50000US2614,"Congressional District 14 (115th Congress), Michigan",295925,503300,0.5879694019471489,393355,692260,0.5682185883916447,True
213,50000US2701,"Congressional District 1 (115th Congress), Minnesota",9405,492515,0.019095865100555314,18890,668500,0.02825729244577412,False
214,50000US2702,"Congressional District 2 (115th Congress), Minnesota",16160,490085,0.032973871879367865,28215,686965,0.04107196145364029,False
215,50000US2703,"Congressional District 3 (115th Congress), Minnesota",24350,496315,0.04906158387314508,48445,695385,0.06966644376855986,False
216,50000US2704,"Congressional District 4 (115th Congress), Minnesota",37525,491460,0.07635412851503683,66130,693300,0.0953843934804558,False
217,50000US2705,"Congressional District 5 (115th Congress), Minnesota",66215,497815,0.13301125920271584,113600,693190,0.16388003289141506,True
218,50000US2706,"Congressional District 6 (115th Congress), Minnesota",8030,498205,0.016117863128631792,17620,687420,0.02563207355037677,False
219,50000US2707,"Congressional District 7 (115th Congress), Minnesota",3135,497310,0.0063039150630391505,7055,663340,0.010635571501793952,False
220,50000US2708,"Congressional District 8 (115th Congress), Minnesota",4475,516760,0.008659725984983357,6705,662770,0.010116631712358735,False
221,50000US2801,"Congressional District 1 (115th Congress), Mississippi",148645,561775,0.2645988162520582,205355,755945,0.2716533610249423,False
222,50000US2802,"Congressional District 2 (115th Congress), Mississippi",338620,532965,0.6353512894843001,473510,723745,0.6542497702920227,True
223,50000US2803,"Congressional District 3 (115th Congress), Mississippi",189880,558330,0.3400856124514176,262670,748785,0.35079495449294523,False
224,50000US2804,"Congressional District 4 (115th Congress), Mississippi",126105,564700,0.22331326367982998,176950,760715,0.2326101102252486,False
225,50000US2901,"Congressional District 1 (115th Congress), Missouri",263870,552275,0.4777873342085012,366030,740260,0.4944614054521385,True
226,50000US2902,"Congressional District 2 (115th Congress), Missouri",20625,571815,0.03606935809658719,28205,760780,0.037073792686453375,False
227,50000US2903,"Congressional District 3 (115th Congress), Missouri",17805,576785,0.0308693880735456,25100,768155,0.032675696962201635,False
228,50000US2904,"Congressional District 4 (115th Congress), Missouri",26580,575725,0.04616787528768075,34665,761185,0.045540834356956585,False
229,50000US2905,"Congressional District 5 (115th Congress), Missouri",117010,558455,0.20952449167793288,165820,757530,0.21889562129552625,True
230,50000US2906,"Congressional District 6 (115th Congress), Missouri",21530,568245,0.03788858678914905,30665,760050,0.04034602986645616,False
231,50000US2907,"Congressional District 7 (115th Congress), Missouri",9525,574405,0.01658237654616516,14135,764935,0.01847869426814043,False
232,50000US2908,"Congressional District 8 (115th Congress), Missouri",24450,570175,0.042881571447362654,34400,746755,0.04606597880161499,False
233,50000US3000,"Congressional District (at Large) (115th Congress), Montana",2870,789500,0.0036352121595946796,3985,1023390,0.003893921183517525,False
234,50000US3101,"Congressional District 1 (115th Congress), Nebraska",11415,455120,0.025081297240288274,17510,630685,0.027763463535679458,False
235,50000US3102,"Congressional District 2 (115th Congress), Nebraska",40265,442145,0.09106741001255243,62255,643890,0.09668576930842224,False
236,50000US3103,"Congressional District 3 (115th Congress), Nebraska",3360,443750,0.007571830985915494,6590,606685,0.0108623091060435,False
237,50000US3201,"Congressional District 1 (115th Congress), Nevada",50610,404480,0.1251236155063291,71485,685135,0.10433710144716003,False
238,50000US3202,"Congressional District 2 (115th Congress), Nevada",9530,494080,0.019288374352331602,12200,696100,0.017526217497485994,False
239,50000US3203,"Congressional District 3 (115th Congress), Nevada",35480,528000,0.0671969696969697,50010,739845,0.06759523954341788,False
240,50000US3204,"Congressional District 4 (115th Congress), Nevada",72710,475725,0.15284040149245887,101145,718095,0.1408518371524659,False
241,50000US3301,"Congressional District 1 (115th Congress), New Hampshire",4835,516980,0.009352392742465859,8990,667330,0.013471595762216595,False
242,50000US3302,"Congressional District 2 (115th Congress), New Hampshire",4395,510650,0.008606677763634583,6810,660175,0.010315446661869959,False
243,50000US3401,"Congressional District 1 (115th Congress), New Jersey",87445,536535,0.16298097980560447,119925,731075,0.16403925725814725,False
244,50000US3402,"Congressional District 2 (115th Congress), New Jersey",64500,534145,0.12075372792032125,87380,729825,0.11972733189463228,False
245,50000US3403,"Congressional District 3 (115th Congress), New Jersey",55810,562555,0.09920807743242883,76040,736720,0.1032142469323488,False
246,50000US3404,"Congressional District 4 (115th Congress), New Jersey",32155,521035,0.06171370445363555,46145,738950,0.062446714933351376,False
247,50000US3405,"Congressional District 5 (115th Congress), New Jersey",24865,530115,0.04690491685766296,35310,742080,0.04758247089262613,False
248,50000US3406,"Congressional District 6 (115th Congress), New Jersey",50560,484280,0.10440241182786818,69860,743100,0.09401157313955052,False
249,50000US3407,"Congressional District 7 (115th Congress), New Jersey",24315,518765,0.04687093385251511,33450,741495,0.04511156514878725,False
250,50000US3408,"Congressional District 8 (115th Congress), New Jersey",44780,420495,0.10649353737856572,69980,766385,0.09131180803382112,False
251,50000US3409,"Congressional District 9 (115th Congress), New Jersey",51345,468600,0.10957106274007684,71175,751660,0.09469041854029747,False
252,50000US3410,"Congressional District 10 (115th Congress), New Jersey",261090,480715,0.5431284648908397,382945,741960,0.5161262062644887,True
253,50000US3411,"Congressional District 11 (115th Congress), New Jersey",19190,538570,0.0356313942477301,25985,740725,0.03508049546052853,False
254,50000US3412,"Congressional District 12 (115th Congress), New Jersey",90570,491465,0.18428575788713336,130925,751470,0.17422518530347186,True
255,50000US3501,"Congressional District 1 (115th Congress), New Mexico",12585,494330,0.025458701677017376,16760,692610,0.02419832228815639,False
256,50000US3502,"Congressional District 2 (115th Congress), New Mexico",8605,473590,0.018169724867501427,11515,698525,0.016484735693067534,False
257,50000US3503,"Congressional District 3 (115th Congress), New Mexico",6775,496320,0.013650467440361058,9665,691535,0.013976154496880128,False
258,50000US3601,"Congressional District 1 (115th Congress), New York",23625,525330,0.0449717320541374,34490,722040,0.04776743670710764,False
259,50000US3602,"Congressional District 2 (115th Congress), New York",46080,499445,0.09226241127651694,68575,720950,0.09511755322837924,False
260,50000US3603,"Congressional District 3 (115th Congress), New York",15325,519775,0.0294839113077774,21780,724565,0.030059414959320418,False
261,50000US3604,"Congressional District 4 (115th Congress), New York",71560,497595,0.14381173444266926,102580,722015,0.14207461063828314,False
262,50000US3605,"Congressional District 5 (115th Congress), New York",258710,486265,0.5320350014909566,388465,774750,0.5014069054533721,True
263,50000US3606,"Congressional District 6 (115th Congress), New York",19465,447440,0.043503039513677816,26395,730535,0.036131054638039235,False
264,50000US3607,"Congressional District 7 (115th Congress), New York",43035,433645,0.09924016188356836,60140,748295,0.08036937304138074,False
265,50000US3608,"Congressional District 8 (115th Congress), New York",265495,505915,0.52478183093998,393930,753060,0.5231057286272011,True
266,50000US3609,"Congressional District 9 (115th Congress), New York",223405,468060,0.4772999188138273,358980,742130,0.4837157910339159,True
267,50000US3610,"Congressional District 10 (115th Congress), New York",20270,482850,0.04197991094542819,25450,731075,0.03481174982046985,False
268,50000US3611,"Congressional District 11 (115th Congress), New York",33180,497800,0.06665327440739252,50220,729160,0.06887377256020627,False
269,50000US3612,"Congressional District 12 (115th Congress), New York",25005,545325,0.045853390180167784,32085,725975,0.044195736767795035,False
270,50000US3613,"Congressional District 13 (115th Congress), New York",138225,470505,0.2937800873529506,194345,768090,0.2530237341978154,False
271,50000US3614,"Congressional District 14 (115th Congress), New York",50035,402855,0.12420101525362726,70030,722310,0.09695283188658607,False
272,50000US3615,"Congressional District 15 (115th Congress), New York",124430,392885,0.3167084515825241,212935,747880,0.28471813659945444,False
273,50000US3616,"Congressional District 16 (115th Congress), New York",151615,485670,0.3121769926081496,231115,738785,0.3128312025826188,False
274,50000US3617,"Congressional District 17 (115th Congress), New York",49060,475730,0.1031257225737288,73915,738465,0.10009275998185424,False
275,50000US3618,"Congressional District 18 (115th Congress), New York",44740,516510,0.0866198137499758,63255,721185,0.08770981093616756,False
276,50000US3619,"Congressional District 19 (115th Congress), New York",21150,553430,0.03821621523950635,28770,707055,0.04068990389715086,False
277,50000US3620,"Congressional District 20 (115th Congress), New York",45505,555755,0.0818796052217254,63890,725335,0.08808343730827825,False
278,50000US3621,"Congressional District 21 (115th Congress), New York",17010,555510,0.03062051088189232,20970,715390,0.029312682592711668,False
279,50000US3622,"Congressional District 22 (115th Congress), New York",18145,546920,0.033176698603086384,26070,708360,0.03680332034558699,False
280,50000US3623,"Congressional District 23 (115th Congress), New York",15140,549390,0.027557836873623474,19250,709935,0.027115158429997108,False
281,50000US3624,"Congressional District 24 (115th Congress), New York",38245,542710,0.07047041698144497,56985,713915,0.07982042680150997,False
282,50000US3625,"Congressional District 25 (115th Congress), New York",73435,543400,0.13513986013986015,108540,722210,0.15028869719333712,False
283,50000US3626,"Congressional District 26 (115th Congress), New York",89450,543660,0.16453298017143067,127470,714790,0.17833209753913734,False
284,50000US3627,"Congressional District 27 (115th Congress), New York",13760,561485,0.024506442736671505,17440,719190,0.024249502912999345,False
285,50000US3701,"Congressional District 1 (115th Congress), North Carolina",252765,548240,0.4610480811323508,331780,745645,0.4449570506071924,True
286,50000US3702,"Congressional District 2 (115th Congress), North Carolina",112650,550380,0.20467676877793525,153940,791510,0.1944890146681659,False
287,50000US3703,"Congressional District 3 (115th Congress), North Carolina",115885,563255,0.2057416267942584,151840,749070,0.2027046871453936,False
288,50000US3704,"Congressional District 4 (115th Congress), North Carolina",129765,557555,0.2327393710037575,179335,806435,0.2223799810276092,False
289,50000US3705,"Congressional District 5 (115th Congress), North Carolina",80075,554570,0.14439114989992247,107500,745705,0.14415888320448433,False
290,50000US3706,"Congressional District 6 (115th Congress), North Carolina",112625,547625,0.20566080803469527,150335,754900,0.1991455821963174,False
291,50000US3707,"Congressional District 7 (115th Congress), North Carolina",114080,570785,0.1998650980666976,148955,768410,0.1938483361746984,False
292,50000US3708,"Congressional District 8 (115th Congress), North Carolina",124100,548190,0.2263813641255769,168560,760680,0.22159120786664566,False
293,50000US3709,"Congressional District 9 (115th Congress), North Carolina",107630,537200,0.20035368577810872,148255,763890,0.19407899043055934,False
294,50000US3710,"Congressional District 10 (115th Congress), North Carolina",66120,562725,0.1174996667999467,88505,743720,0.1190031194535578,False
295,50000US3711,"Congressional District 11 (115th Congress), North Carolina",18170,577030,0.031488830736703464,23195,743350,0.031203336248066187,False
296,50000US3712,"Congressional District 12 (115th Congress), North Carolina",211065,535450,0.3941824633485853,297015,811815,0.3658653757321557,True
297,50000US3713,"Congressional District 13 (115th Congress), North Carolina",120635,550790,0.21902176873218468,163500,755695,0.21635712820648545,False
298,50000US3800,"Congressional District (at Large) (115th Congress), North Dakota",7975,555690,0.014351526930482824,14540,736160,0.01975114105629211,False
299,50000US3901,"Congressional District 1 (115th Congress), Ohio",110345,532175,0.20734720721567154,159715,730365,0.21867833206684328,False
300,50000US3902,"Congressional District 2 (115th Congress), Ohio",44875,548460,0.08182000510520368,61680,724850,0.0850934676139891,False
301,50000US3903,"Congressional District 3 (115th Congress), Ohio",159580,527415,0.30257008238294325,246075,757870,0.3246928892818029,True
302,50000US3904,"Congressional District 4 (115th Congress), Ohio",27775,543735,0.051081868925119775,36555,712615,0.05129698364474506,False
303,50000US3905,"Congressional District 5 (115th Congress), Ohio",15205,552230,0.027533817431142818,20405,724865,0.028150069323253295,False
304,50000US3906,"Congressional District 6 (115th Congress), Ohio",12615,553420,0.022794622529001482,15725,707255,0.022233847763536492,False
305,50000US3907,"Congressional District 7 (115th Congress), Ohio",20555,548690,0.037461954837886606,28865,723915,0.03987346580744977,False
306,50000US3908,"Congressional District 8 (115th Congress), Ohio",29655,539035,0.05501498047436623,42695,724240,0.05895145255716337,False
307,50000US3909,"Congressional District 9 (115th Congress), Ohio",79180,539375,0.14679953650057934,110595,712630,0.15519273676381853,False
308,50000US3910,"Congressional District 10 (115th Congress), Ohio",90150,548110,0.16447428435897904,121750,721070,0.1688462978628982,False
309,50000US3911,"Congressional District 11 (115th Congress), Ohio",274035,526675,0.5203113874780463,372955,700215,0.5326292638689545,True
310,50000US3912,"Congressional District 12 (115th Congress), Ohio",24480,557080,0.04394341925755727,33985,753565,0.04509896292954158,False
311,50000US3913,"Congressional District 13 (115th Congress), Ohio",59280,554020,0.10699974730154146,80800,711935,0.11349350713197133,False
312,50000US3914,"Congressional District 14 (115th Congress), Ohio",22715,546795,0.04154207701240868,30690,718095,0.04273807783092766,False
313,50000US3915,"Congressional District 15 (115th Congress), Ohio",21590,563145,0.03833826101625691,28375,741445,0.03826986492592168,False
314,50000US3916,"Congressional District 16 (115th Congress), Ohio",11145,553770,0.020125683948209544,15920,722005,0.02204970879703049,False
315,50000US4001,"Congressional District 1 (115th Congress), Oklahoma",45980,547165,0.08403315270530827,66215,781425,0.08473621908692452,False
316,50000US4002,"Congressional District 2 (115th Congress), Oklahoma",19780,561960,0.03519823474980425,25945,748895,0.03464437604737647,False
317,50000US4003,"Congressional District 3 (115th Congress), Oklahoma",21470,561980,0.03820420655539343,27670,772390,0.03582387136032315,False
318,50000US4004,"Congressional District 4 (115th Congress), Oklahoma",37355,576030,0.06484905300071178,51035,777880,0.06560780583123361,False
319,50000US4005,"Congressional District 5 (115th Congress), Oklahoma",74995,540520,0.13874602234884925,106500,794990,0.1339639492320658,False
320,50000US4101,"Congressional District 1 (115th Congress), Oregon",8700,560150,0.01553155404802285,12365,807470,0.015313262412225841,False
321,50000US4102,"Congressional District 2 (115th Congress), Oregon",3295,585425,0.005628389631464321,4505,788710,0.005711858604556808,False
322,50000US4103,"Congressional District 3 (115th Congress), Oregon",27150,594095,0.04569976182260413,40665,811145,0.050132836915717904,False
323,50000US4104,"Congressional District 4 (115th Congress), Oregon",4350,606260,0.0071751393791442625,5785,779055,0.007425663143167042,False
324,50000US4105,"Congressional District 5 (115th Congress), Oregon",5070,565405,0.008967023637923259,7335,795885,0.0092161556003694,False
325,50000US4201,"Congressional District 1 (115th Congress), Pennsylvania",167865,505845,0.3318506657177594,247740,718735,0.3446889326385942,False
326,50000US4202,"Congressional District 2 (115th Congress), Pennsylvania",306380,538510,0.568940223951273,407615,712390,0.5721795645643538,True
327,50000US4203,"Congressional District 3 (115th Congress), Pennsylvania",21655,543995,0.03980735117050708,31295,697810,0.04484745131196171,False
328,50000US4204,"Congressional District 4 (115th Congress), Pennsylvania",36070,542455,0.06649399489358564,52960,717235,0.07383911828061933,False
329,50000US4205,"Congressional District 5 (115th Congress), Pennsylvania",14165,559550,0.02531498525600929,16585,705575,0.02350565141905538,False
330,50000US4206,"Congressional District 6 (115th Congress), Pennsylvania",20795,538770,0.038597175046866015,29350,722755,0.04060850495672808,False
331,50000US4207,"Congressional District 7 (115th Congress), Pennsylvania",28265,538095,0.05252789934862803,39010,717690,0.05435494433529797,False
332,50000US4208,"Congressional District 8 (115th Congress), Pennsylvania",17675,535215,0.033024111805536084,26255,708465,0.03705899373998715,False
333,50000US4209,"Congressional District 9 (115th Congress), Pennsylvania",14605,550530,0.02652898116360598,19025,698750,0.027227191413237924,False
334,50000US4210,"Congressional District 10 (115th Congress), Pennsylvania",16960,549600,0.03085880640465793,22925,701755,0.03266809641541563,False
335,50000US4211,"Congressional District 11 (115th Congress), Pennsylvania",25395,549425,0.04622104927879146,34590,706990,0.048925727379453735,False
336,50000US4212,"Congressional District 12 (115th Congress), Pennsylvania",16310,553555,0.0294641002249099,21715,702325,0.03091873420425017,False
337,50000US4213,"Congressional District 13 (115th Congress), Pennsylvania",87235,504905,0.17277507649953952,134430,723655,0.18576531634549606,False
338,50000US4214,"Congressional District 14 (115th Congress), Pennsylvania",107510,558545,0.1924822529966252,149975,702800,0.2133964143426295,False
339,50000US4215,"Congressional District 15 (115th Congress), Pennsylvania",20070,542795,0.03697528532871526,29295,719410,0.040720868489456635,False
340,50000US4216,"Congressional District 16 (115th Congress), Pennsylvania",28815,516195,0.05582192775985819,42000,722005,0.058171342303723665,False
341,50000US4217,"Congressional District 17 (115th Congress), Pennsylvania",26630,541395,0.049187746469767916,38395,698820,0.05494261755530752,False
342,50000US4218,"Congressional District 18 (115th Congress), Pennsylvania",12335,556465,0.022166713090670573,16035,706815,0.022686275758154538,False
343,50000US4401,"Congressional District 1 (115th Congress), Rhode Island",24100,380180,0.06339102530380346,41310,529710,0.07798606784844538,False
344,50000US4402,"Congressional District 2 (115th Congress), Rhode Island",13145,400070,0.03285675006873797,18895,524785,0.036005221185818954,False
345,50000US4501,"Congressional District 1 (115th Congress), South Carolina",100470,548115,0.18330094961823706,137270,731010,0.1877812889016566,False
346,50000US4502,"Congressional District 2 (115th Congress), South Carolina",117025,511795,0.22865600484569015,159595,689145,0.2315840643115745,False
347,50000US4503,"Congressional District 3 (115th Congress), South Carolina",94310,510445,0.18476035615982134,123880,672525,0.18420133080554627,False
348,50000US4504,"Congressional District 4 (115th Congress), South Carolina",96925,504180,0.1922428497758737,132195,697850,0.18943182632370853,False
349,50000US4505,"Congressional District 5 (115th Congress), South Carolina",137130,513415,0.2670938714295453,183685,687475,0.2671878977417361,False
350,50000US4506,"Congressional District 6 (115th Congress), South Carolina",285230,506565,0.5630669311934302,378345,667170,0.5670893475426053,True
351,50000US4507,"Congressional District 7 (115th Congress), South Carolina",146640,526315,0.2786164179246269,198860,689425,0.2884432679406752,False
352,50000US4600,"Congressional District (at Large) (115th Congress), South Dakota",6375,627070,0.010166329117961313,13720,851060,0.01612107254482645,False
353,50000US4701,"Congressional District 1 (115th Congress), Tennessee",11670,554390,0.021050163242482732,15015,711220,0.021111611034560333,False
354,50000US4702,"Congressional District 2 (115th Congress), Tennessee",32435,556865,0.05824571485009832,45620,726680,0.0627786646116585,False
355,50000US4703,"Congressional District 3 (115th Congress), Tennessee",57575,554160,0.1038959867186372,77225,719835,0.10728152979502248,False
356,50000US4704,"Congressional District 4 (115th Congress), Tennessee",45725,548310,0.08339260637230764,62315,745635,0.08357306188684813,False
357,50000US4705,"Congressional District 5 (115th Congress), Tennessee",134675,535780,0.25136249953339057,186575,747390,0.2496353978511888,False
358,50000US4706,"Congressional District 6 (115th Congress), Tennessee",22200,553990,0.04007292550407047,31010,737895,0.042024949349162136,False
359,50000US4707,"Congressional District 7 (115th Congress), Tennessee",53630,543675,0.09864349105623764,72670,742790,0.09783384267424172,False
360,50000US4708,"Congressional District 8 (115th Congress), Tennessee",102165,529630,0.192898816154674,140530,708570,0.19832902888917114,False
361,50000US4709,"Congressional District 9 (115th Congress), Tennessee",332070,499810,0.6643924691382725,463950,707990,0.6553058659020607,False
362,50000US4801,"Congressional District 1 (115th Congress), Texas",92645,499610,0.1854346390184344,124745,711850,0.17524057034487606,False
363,50000US4802,"Congressional District 2 (115th Congress), Texas",56020,486245,0.11520941089368528,81060,758740,0.1068350159474919,False
364,50000US4803,"Congressional District 3 (115th Congress), Texas",45960,504145,0.09116424838092216,71780,791520,0.09068627450980392,False
365,50000US4804,"Congressional District 4 (115th Congress), Texas",55195,517265,0.10670546045063943,74935,721525,0.10385641523162746,False
366,50000US4805,"Congressional District 5 (115th Congress), Texas",75945,468325,0.16216302781188274,110065,731795,0.15040414323683546,False
367,50000US4806,"Congressional District 6 (115th Congress), Texas",97050,500690,0.1938325111346342,145650,745200,0.19545088566827695,False
368,50000US4807,"Congressional District 7 (115th Congress), Texas",61750,439465,0.1405117586155894,96580,753090,0.1282449640813183,False
369,50000US4808,"Congressional District 8 (115th Congress), Texas",47400,527680,0.0898271679805943,63055,782315,0.08060052536382402,False
370,50000US4809,"Congressional District 9 (115th Congress), Texas",195105,409080,0.4769360516280434,284055,762610,0.3724774130945044,True
371,50000US4810,"Congressional District 10 (115th Congress), Texas",57210,511630,0.11181908801282177,81220,783310,0.10368819496750968,False
372,50000US4811,"Congressional District 11 (115th Congress), Texas",19030,517260,0.03679000889301318,26735,744590,0.035905666205562785,False
373,50000US4812,"Congressional District 12 (115th Congress), Texas",43945,523345,0.08396946564885496,62750,758405,0.08273943341618265,False
374,50000US4813,"Congressional District 13 (115th Congress), Texas",26725,488195,0.05474246970984955,36475,707120,0.05158247539314402,False
375,50000US4814,"Congressional District 14 (115th Congress), Texas",105365,505225,0.20855064575189272,142950,726920,0.19665162603862876,False
376,50000US4815,"Congressional District 15 (115th Congress), Texas",9545,401210,0.02379053363575185,12315,753130,0.016351758660523415,False
377,50000US4816,"Congressional District 16 (115th Congress), Texas",18635,436290,0.04271241605354237,25360,732020,0.034643862189557666,False
378,50000US4817,"Congressional District 17 (115th Congress), Texas",68305,513655,0.13297836096212434,95290,738775,0.1289837907346621,False
379,50000US4818,"Congressional District 18 (115th Congress), Texas",205085,441980,0.464014208787728,280960,749985,0.3746208257498483,True
380,50000US4819,"Congressional District 19 (115th Congress), Texas",30275,506685,0.059751127426310224,42200,718945,0.05869711869475412,False
381,50000US4820,"Congressional District 20 (115th Congress), Texas",27945,496925,0.0562358504804548,37990,762155,0.049845503867323566,False
382,50000US4821,"Congressional District 21 (115th Congress), Texas",18985,568005,0.03342400154928213,24935,762035,0.032721594152499554,False
383,50000US4822,"Congressional District 22 (115th Congress), Texas",73705,506805,0.14543068833180414,108555,814295,0.13331163767430726,False
384,50000US4823,"Congressional District 23 (115th Congress), Texas",17295,454290,0.03807039556230602,23425,741365,0.031597121525834104,True
385,50000US4824,"Congressional District 24 (115th Congress), Texas",55475,479310,0.11573929189877115,82465,759715,0.10854728417893553,False
386,50000US4825,"Congressional District 25 (115th Congress), Texas",37940,530765,0.07148172920218929,50765,746615,0.06799354419613858,False
387,50000US4826,"Congressional District 26 (115th Congress), Texas",39605,525300,0.07539501237388159,57930,796180,0.07275992865934837,False
388,50000US4827,"Congressional District 27 (115th Congress), Texas",27305,506810,0.0538762060732819,36385,726805,0.050061570847751466,False
389,50000US4828,"Congressional District 28 (115th Congress), Texas",21560,403040,0.05349344978165939,28745,735440,0.039085445447623185,False
390,50000US4829,"Congressional District 29 (115th Congress), Texas",54245,336500,0.1612035661218425,75760,729880,0.1037978845837672,False
391,50000US4830,"Congressional District 30 (115th Congress), Texas",237410,449920,0.527671586059744,324410,745785,0.4349913178731136,True
392,50000US4831,"Congressional District 31 (115th Congress), Texas",59495,531830,0.11186845420529117,85305,782480,0.10901876086289744,False
393,50000US4832,"Congressional District 32 (115th Congress), Texas",61980,477325,0.12984863562562196,94730,742055,0.1276590010174448,False
394,50000US4833,"Congressional District 33 (115th Congress), Texas",78160,320165,0.2441241234988209,113595,719960,0.1577795988666037,True
395,50000US4834,"Congressional District 34 (115th Congress), Texas",6810,410070,0.016606920769624698,8675,718320,0.01207679028845083,False
396,50000US4835,"Congressional District 35 (115th Congress), Texas",51525,485480,0.10613207547169813,69940,777260,0.08998275995162494,False
397,50000US4836,"Congressional District 36 (115th Congress), Texas",46990,497110,0.09452636237452476,64665,724245,0.0892860841289895,False
398,50000US4901,"Congressional District 1 (115th Congress), Utah",4510,476185,0.009471108917752552,7105,730390,0.00972767973274552,False
399,50000US4902,"Congressional District 2 (115th Congress), Utah",4180,478955,0.00872733346556566,8375,727560,0.011511078124140964,False
400,50000US4903,"Congressional District 3 (115th Congress), Utah",2200,476230,0.004619616571824538,3955,732870,0.005396591482800497,False
401,50000US4904,"Congressional District 4 (115th Congress), Utah",5780,472130,0.012242390866922245,11200,757605,0.014783429359626718,True
402,50000US5000,"Congressional District (at Large) (115th Congress), Vermont",3930,493535,0.00796296108685301,7115,626250,0.01136127744510978,False
403,50000US5101,"Congressional District 1 (115th Congress), Virginia",92890,554970,0.16737841685136134,124350,767680,0.16198155481450605,False
404,50000US5102,"Congressional District 2 (115th Congress), Virginia",107035,553525,0.1933697664965449,144790,739005,0.19592560266845285,False
405,50000US5103,"Congressional District 3 (115th Congress), Virginia",249255,552090,0.4514753029397381,337135,738465,0.4565348391596081,True
406,50000US5104,"Congressional District 4 (115th Congress), Virginia",238630,575525,0.4146301203249208,311070,754070,0.4125213839563967,True
407,50000US5105,"Congressional District 5 (115th Congress), Virginia",113780,565810,0.20109223944433646,145110,731805,0.19829052821448334,False
408,50000US5106,"Congressional District 6 (115th Congress), Virginia",58095,570580,0.10181744891163376,79460,744505,0.10672863177547498,False
409,50000US5107,"Congressional District 7 (115th Congress), Virginia",100595,547585,0.1837066391519125,134250,762525,0.17605980131798954,False
410,50000US5108,"Congressional District 8 (115th Congress), Virginia",68305,503720,0.1356011276105773,106085,778375,0.13629034848241528,False
411,50000US5109,"Congressional District 9 (115th Congress), Virginia",30625,571125,0.05362223681330707,38765,717480,0.05402938060991247,False
412,50000US5110,"Congressional District 10 (115th Congress), Virginia",37005,515700,0.07175683536940082,53085,796570,0.06664197747843881,False
413,50000US5111,"Congressional District 11 (115th Congress), Virginia",65870,488270,0.13490486820816353,100230,779820,0.12852966069092867,False
414,50000US5301,"Congressional District 1 (115th Congress), Washington",5615,491410,0.011426303901019516,8415,716615,0.01174270703236745,False
415,50000US5302,"Congressional District 2 (115th Congress), Washington",12270,514495,0.02384862826655264,19565,706520,0.02769206816509087,False
416,50000US5303,"Congressional District 3 (115th Congress), Washington",6920,504500,0.013716551040634292,9700,699965,0.013857835748930304,False
417,50000US5304,"Congressional District 4 (115th Congress), Washington",4665,421045,0.011079575817311688,7140,704695,0.01013204294056294,False
418,50000US5305,"Congressional District 5 (115th Congress), Washington",7535,521445,0.014450229650298688,10570,691150,0.015293351660276353,False
419,50000US5306,"Congressional District 6 (115th Congress), Washington",18370,530230,0.03464534258717915,23280,686050,0.033933386779389264,False
420,50000US5307,"Congressional District 7 (115th Congress), Washington",19540,557715,0.035035815784047415,30310,729530,0.041547297575151125,False
421,50000US5308,"Congressional District 8 (115th Congress), Washington",13070,491295,0.026603161033594887,19510,713795,0.027332777618223718,False
422,50000US5309,"Congressional District 9 (115th Congress), Washington",49025,464790,0.10547774263645948,76885,714190,0.1076534255590249,False
423,50000US5310,"Congressional District 10 (115th Congress), Washington",31425,511110,0.061483829312672426,42755,710630,0.06016492408144885,False
424,50000US5401,"Congressional District 1 (115th Congress), West Virginia",11950,491170,0.024329661827880367,15575,617075,0.025240043754811,False
425,50000US5402,"Congressional District 2 (115th Congress), West Virginia",18585,485510,0.038279335132129104,24615,625140,0.03937517995968903,False
426,50000US5403,"Congressional District 3 (115th Congress), West Virginia",17890,476530,0.03754223238830714,22640,603875,0.03749120264955496,False
427,50000US5501,"Congressional District 1 (115th Congress), Wisconsin",26425,529810,0.049876370774428566,37915,715455,0.05299424841534408,False
428,50000US5502,"Congressional District 2 (115th Congress), Wisconsin",19755,550465,0.03588784028049013,31180,741375,0.042056988703422685,False
429,50000US5503,"Congressional District 3 (115th Congress), Wisconsin",5710,558335,0.010226835143775691,7500,718575,0.010437323870159693,False
430,50000US5504,"Congressional District 4 (115th Congress), Wisconsin",162060,493865,0.32814635578548795,241165,715265,0.33716874165519073,True
431,50000US5505,"Congressional District 5 (115th Congress), Wisconsin",9645,546590,0.017645767394207725,13845,719340,0.019246809575444158,False
432,50000US5506,"Congressional District 6 (115th Congress), Wisconsin",8445,546370,0.015456558742244265,10880,712500,0.015270175438596491,False
433,50000US5507,"Congressional District 7 (115th Congress), Wisconsin",2905,546440,0.005316228680184467,4990,709035,0.007037734385467572,False
434,50000US5508,"Congressional District 8 (115th Congress), Wisconsin",5515,541425,0.010186083021655816,8730,723245,0.01207059848322491,False
435,50000US5600,"Congressional District (at Large) (115th Congress), Wyoming",3955,432375,0.009147152356172304,6235,583030,0.01069413237740768,False
